ID,Age,Exposure,MaritalStatus,Cases,MonthAtHospital,Infected
1001,36,3,Married,17906,7,No
1001,34,3,Divorced,22649,2,Yes
1001,30,3,Married,19706,7,No
1001,41,1,Married,8405,18,No
1001, ,4,Divorced,10882,1,No
1001,31,3,Divorced,21022,2,No
1001,41,2,Married,18570,3,No
1001,40,1,Married,16604,7,No
1001,34,4,Single,25000,6,No
1001,31,4,Single,18418,6,No
1001,36,4,Single,18347,1,No
1001,32,2,Married,19122,7,No
1001,29,1,Divorced,22665,2,Yes
1001,30,3,Divorced,22387,10,No
1001,36,1,Married,16679,12,No
1001, ,1,Married,5434, ,No
1001,48,4,Divorced,7826,22,No
1001,28,2,Married,25000,1,No
1001,38,3,Married,22316,2,No
1001,30,3,Single,16526,11,No
1001,21,2,Single,22826,3,Yes
1001,36,3,Married,21612,1,Yes
1001,30,3,Divorced,22307,1,No
1001,41,4,Married,22218,5,No
1001,29,1,Single,25000,9,Yes
1001,38,3,Divorced,16260,8,No
1001,30,3,Divorced,22936,5,No
1001,29,3,Single,22358,1,No
1001,36,2,Married,22190,5,No
1001,36,4,Married,18799,18,No
1001,25,4,Married,21771,3,No
1001,46,3,Divorced,20190,10,No
1001,29,1,Divorced,15020,10,No
1001,26,4,Married,19528,8,No
1001,40,2,Divorced,18148,5,No
1001,42,1,Single,18455,3,No
1001,46,3,Married,14473,2,No
1001,59,4,Single,11274,5,No
1001,52,1,Married,25000, ,No
1001,59,3,Married,22733,2,No
1001,25,4,Married,21331,3,No
1001,42,4,Single,9008,1,No
1001,54,1,Married,19060,6,No
1001,38,4,Single,22712,2,No
1001, ,3,Married,16177,19,No
1001,21,4,Single,21883,2,No
1001,55,1,Single,8244,9,No
1001,35,2,Single,20575,6,No
1001,31,3,Married,25000,11,No
1001,56,4,Single,17740,6,No
1001, ,3,Single,7556,10,No
1001,46,1,Single,25000, ,No
1001,28,4,Married,22287,5,No
1001,45,4,Single,21548,6,No
1001, ,4,Divorced,19837,1,No
1001,41,1,Single,20279,18,No
1001,50,3,Single,20272,0,Yes
1001,43,1,Married,15015,1,No
1001,49,3,Single,9621,8,No
1001,35,1,Single,15418,8,Yes
1001,40,2,Married,22613,4,No
1001,37,1,Married,21436,8,No
1001,29,1,Married,22881,7,Yes
1001,32,4,Single,22205,1,Yes
1001,46,4,Divorced,16422,9,No
1001,38,1,Divorced,18712,4,No
1001,45,4,Married,21303,10,No
1001,56,4,Single,22413,4,Yes
1001,47,4,Single,21706,3,No
1001,24,3,Married,22114,6,Yes
1001,58,2,Married,21654,1,No
1001,33,2,Married,22378,3,No
1001,45,1,Single,25000,10,No
1001,27,3,Single,22682,1,No
1001,39,1,Married,7932, ,No
1001,26,4,Married,22341,3,No
1001,30,1,Divorced,20221,3,No
1001,34,3,Divorced,22971,5,No
1001, ,1,Divorced,22927,3,Yes
1001,36,3,Married,19653,3,No
1001,52,4,Divorced,21518,9,No
1001,29,2,Divorced,20813,10,No
1001,43,3,Divorced,19743,9,No
1001,33,4,Single,22504,1,No
1001,51,3,Single,5463,20,No
1001,40,3,Married,22999,5,No
1001,38,4,Married,18739,7,No
1001,34,3,Single,18858,5,No
1001,33,1,Single,19676,3,Yes
1001,54,2,Married,14275,9,No
1001,51,2,Divorced,19518,4,No
1001,31,3,Single,23641,1,Yes
1002,43,4,Married,8041, ,No
1003,34,1,Married,19654,7,Yes
1004,39,3,Married,21245,8,No
1005,32,4,Married,14578,14,No
1006,30,1,Married,25000,8,No
1007,34,4,Divorced,16500,9,No
1008,39,1,Married,19849,10,No
1009,37,4,Single,20320,1,No
1010,50,4,Single,10589,32,No
1011,34,4,Married,16897,4,No
1012,51,2,Married,12510,10,No
1013,40,2,Married,19323,11,No
1014,53,3,Married,12035,3,No
1015,28,1,Single,16278,10,Yes
1016,50,3,Married,5669,1,No
1017,36,4,Married,21790,15,No
1018,26,4,Married,22939,1,No
1019,50,3,Married,5763,8,No
1020,31,1,Single,25000,3,Yes
1021,44,3,Divorced,25000,1,Yes
1022,28,3,Single,21340,8,No
1023,31,4,Married,21278,2,Yes
1024,45,1,Married,11755,0,No
1025,29,3,Married,22026,5,No
1026,32,3,Married,20117,10,Yes
1027, ,3,Single,16211,10,No
1028,35,2,Married,16980,11,No
1029,33,3,Divorced,8816,6,No
1030,35,3,Single,20751,9,No
1031,48,1,Married,9598,3,No
1032,31,1,Married,20852,4,No
1033,41,4,Divorced,5859,21,No
1034,29,1,Single,20277,10,No
1035,51,2,Single,11266,7,No
1036, ,3,Divorced,20999,15,No
1037,41,1,Divorced,20897,9,No
1038,30,4,Married,22138,10,No
1039,27,4,Single,22621,5,No
1040,58,2,Single,5754, ,Yes
1041,57,4,Divorced,15561,5,No
1042,23,4,Divorced,22725,3,Yes
1043,38,2,Divorced,25000,20,No
1044,50,4,Married,22620,1,No
1045,31,2,Single,21521,5,Yes
1046,28,3,Married,22091,3,Yes
1047,20,3,Single,23991,1,Yes
1048,36,1,Single,21593,5,Yes
1049,37,4,Married,25000,5,No
1050,33,3,Single,20492,13,Yes
1051,46,1,Divorced,20385,16,No
1052,56,3,Married,25000,10,Yes
1053,31,3,Single,20916,7,Yes
1054,38,1,Divorced,18107,7,No
1055,21,4,Single,22307,1,Yes
1056,40,1,Married,14525,18,No
